{
  "AL": {
    "revenueGrowth": 17076.329999999994
  },
  "AK": {
    "revenueGrowth": 139.2
  },
  "AS": {
    "revenueGrowth": 0
  },
  "AZ": {
    "revenueGrowth": 77572.75999999997
  },
  "AR": {
    "revenueGrowth": 10851.409999999998
  },
  "CA": {
    "revenueGrowth": 473409.97000000003
  },
  "CO": {
    "revenueGrowth": 166356.74999999994
  },
  "CT": {
    "revenueGrowth": 11337.450000000003
  },
  "DE": {
    "revenueGrowth": 9360.570000000003
  },
  "DC": {
    "revenueGrowth": 39796.88999999999
  },
  "FM": {
    "revenueGrowth": 0
  },
  "FL": {
    "revenueGrowth": 211734.24000000005
  },
  "GA": {
    "revenueGrowth": 110393.44999999994
  },
  "GU": {
    "revenueGrowth": 0
  },
  "HI": {
    "revenueGrowth": 1617.7399999999998
  },
  "ID": {
    "revenueGrowth": 20853.490000000005
  },
  "IL": {
    "revenueGrowth": 168941.5100000001
  },
  "IN": {
    "revenueGrowth": 29813.549999999996
  },
  "IA": {
    "revenueGrowth": 5796.84
  },
  "KS": {
    "revenueGrowth": 5918.739999999999
  },
  "KY": {
    "revenueGrowth": 5535.399999999999
  },
  "LA": {
    "revenueGrowth": 8194.119999999999
  },
  "ME": {
    "revenueGrowth": 2873.54
  },
  "MH": {
    "revenueGrowth": 0
  },
  "MD": {
    "revenueGrowth": 67366.52000000002
  },
  "MA": {
    "revenueGrowth": 50318.61000000001
  },
  "MI": {
    "revenueGrowth": 24883.509999999995
  },
  "MN": {
    "revenueGrowth": 28516.420000000006
  },
  "MS": {
    "revenueGrowth": 1334.4899999999998
  },
  "MO": {
    "revenueGrowth": 27152.660000000003
  },
  "MT": {
    "revenueGrowth": 11050.23
  },
  "NE": {
    "revenueGrowth": 6912.11
  },
  "NV": {
    "revenueGrowth": 32490.520000000008
  },
  "NH": {
    "revenueGrowth": 3759.310000000001
  },
  "NJ": {
    "revenueGrowth": 58658.689999999966
  },
  "NM": {
    "revenueGrowth": 614.75
  },
  "NY": {
    "revenueGrowth": 205943.96999999994
  },
  "NC": {
    "revenueGrowth": 41675.109999999986
  },
  "ND": {
    "revenueGrowth": 5592.339999999999
  },
  "MP": {
    "revenueGrowth": 0
  },
  "OH": {
    "revenueGrowth": 44472.52999999996
  },
  "OK": {
    "revenueGrowth": 11345.690000000002
  },
  "OR": {
    "revenueGrowth": 21258.040000000015
  },
  "PW": {
    "revenueGrowth": 0
  },
  "PA": {
    "revenueGrowth": 63617.329999999994
  },
  "PR": {
    "revenueGrowth": 885.43
  },
  "RI": {
    "revenueGrowth": 631.5500000000001
  },
  "SC": {
    "revenueGrowth": 26534.320000000007
  },
  "SD": {
    "revenueGrowth": 2944.3499999999995
  },
  "TN": {
    "revenueGrowth": 33983.96000000001
  },
  "TX": {
    "revenueGrowth": 162627.0100000001
  },
  "UT": {
    "revenueGrowth": 72872.43000000002
  },
  "VT": {
    "revenueGrowth": 338.89
  },
  "VI": {
    "revenueGrowth": 0
  },
  "VA": {
    "revenueGrowth": 146144.36999999976
  },
  "WA": {
    "revenueGrowth": 35692.190000000024
  },
  "WV": {
    "revenueGrowth": 8822.089999999998
  },
  "WI": {
    "revenueGrowth": 108349.69
  },
  "WY": {
    "revenueGrowth": 175.97
  }
}